trial_number,trial_name
0,points_block
1,exp_name_block
2,instructions_block
3,dot_block
4,slider_function_block1
5,response_block_single
6,debrief_block
7,exp_name_block
8,dot_block
9,instructions_block1
10,bird_block
11,images_block
12,response_block
13,debrief_block
14,exp_name_block
15,dot_block
16,bird_block
17,images_block
18,instructions_block
19,star_n_cloud_block
20,response_block
21,debrief_block
22,exp_name_block
23,dot_block
24,bird_block
25,images_block
26,instructions_block
27,star_n_cloud_block
28,response_block
29,debrief_block
30,exp_name_block
31,questionaire1_block
32,response1_block
33,questionaire2_block
34,response2_block
35,exp_name_block
36,dot_block
37,bird_block
38,slider_check_chunk_loop
39,slider_check_chunk_loop
40,slider_check_chunk_loop
41,slider_check_chunk_loop
42,slider_check_chunk_loop
43,slider_check_chunk_loop
44,images_block
45,star_n_cloud_block
46,response_block
47,debrief_block
48,exp_name_block
49,dot_block
50,bird_block
51,slider_check_chunk_loop
52,slider_check_chunk_loop
53,slider_check_chunk_loop
54,slider_check_chunk_loop
55,slider_check_chunk_loop
56,slider_check_chunk_loop
57,images_block
58,star_n_cloud_block
59,response_block
60,debrief_block
61,exp_name_block
62,dot_block
63,bird_block1
64,dot_block
65,bird_block2
66,slider_check_chunk_loop
67,slider_check_chunk_loop
68,slider_check_chunk_loop
69,slider_check_chunk_loop
70,slider_check_chunk_loop
71,slider_check_chunk_loop
72,images_block
73,star_n_cloud_block
74,response_block
75,debrief_block
76,exp_name_block
77,dot_block
78,bird_block1
79,dot_block
80,bird_block2
81,slider_check_chunk_loop
82,slider_check_chunk_loop
83,slider_check_chunk_loop
84,slider_check_chunk_loop
85,slider_check_chunk_loop
86,slider_check_chunk_loop
87,images_block
88,star_n_cloud_block
89,response_block
90,debrief_block
91,exp_name_block
92,dot_block
93,bird_block
94,slider_check_chunk_loop
95,slider_check_chunk_loop
96,slider_check_chunk_loop
97,slider_check_chunk_loop
98,slider_check_chunk_loop
99,slider_check_chunk_loop
100,images_block
101,star_n_cloud_block
102,response_block
103,debrief_block
104,exp_name_block
105,dot_block
106,bird_block
107,slider_check_chunk_loop
108,slider_check_chunk_loop
109,slider_check_chunk_loop
110,slider_check_chunk_loop
111,slider_check_chunk_loop
112,slider_check_chunk_loop
113,images_block
114,star_n_cloud_block
115,response_block
116,debrief_block
117,exp_name_block
118,dot_block
119,bird_block
120,slider_check_chunk_loop
121,slider_check_chunk_loop
122,slider_check_chunk_loop
123,slider_check_chunk_loop
124,slider_check_chunk_loop
125,slider_check_chunk_loop
126,images_block
127,star_n_cloud_block
128,response_block
129,debrief_block
130,exp_name_block
131,dot_block
132,bird_block1
133,dot_block
134,bird_block2
135,slider_check_chunk_loop
136,slider_check_chunk_loop
137,slider_check_chunk_loop
138,slider_check_chunk_loop
139,slider_check_chunk_loop
140,slider_check_chunk_loop
141,images_block
142,star_n_cloud_block
143,response_block
144,debrief_block
145,exp_name_block
146,dot_block
147,bird_block
148,slider_check_chunk_loop
149,slider_check_chunk_loop
150,slider_check_chunk_loop
151,slider_check_chunk_loop
152,slider_check_chunk_loop
153,slider_check_chunk_loop
154,images_block
155,star_n_cloud_block
156,response_block
157,debrief_block
158,exp_name_block
159,dot_block
160,bird_block
161,slider_check_chunk_loop
162,slider_check_chunk_loop
163,slider_check_chunk_loop
164,slider_check_chunk_loop
165,slider_check_chunk_loop
166,slider_check_chunk_loop
167,images_block
168,star_n_cloud_block
169,response_block
170,debrief_block
171,exp_name_block
172,dot_block
173,bird_block
174,slider_check_chunk_loop
175,slider_check_chunk_loop
176,slider_check_chunk_loop
177,slider_check_chunk_loop
178,slider_check_chunk_loop
179,slider_check_chunk_loop
180,images_block
181,star_n_cloud_block
182,response_block
183,debrief_block
184,exp_name_block
185,dot_block
186,bird_block1
187,dot_block
188,bird_block2
189,slider_check_chunk_loop
190,slider_check_chunk_loop
191,slider_check_chunk_loop
192,slider_check_chunk_loop
193,slider_check_chunk_loop
194,slider_check_chunk_loop
195,images_block
196,star_n_cloud_block
197,response_block
198,debrief_block
199,exp_name_block
200,dot_block
201,bird_block
202,slider_check_chunk_loop
203,slider_check_chunk_loop
204,slider_check_chunk_loop
205,slider_check_chunk_loop
206,slider_check_chunk_loop
207,slider_check_chunk_loop
208,images_block
209,star_n_cloud_block
210,response_block
211,debrief_block
212,exp_name_block
213,dot_block
214,bird_block
215,slider_check_chunk_loop
216,slider_check_chunk_loop
217,slider_check_chunk_loop
218,slider_check_chunk_loop
219,slider_check_chunk_loop
220,slider_check_chunk_loop
221,images_block
222,star_n_cloud_block
223,response_block
224,debrief_block
225,exp_name_block
226,dot_block
227,bird_block1
228,dot_block
229,bird_block2
230,slider_check_chunk_loop
231,slider_check_chunk_loop
232,slider_check_chunk_loop
233,slider_check_chunk_loop
234,slider_check_chunk_loop
235,slider_check_chunk_loop
236,images_block
237,star_n_cloud_block
238,response_block
239,debrief_block
240,exp_name_block
241,dot_block
242,bird_block1
243,dot_block
244,bird_block2
245,slider_check_chunk_loop
246,slider_check_chunk_loop
247,slider_check_chunk_loop
248,slider_check_chunk_loop
249,slider_check_chunk_loop
250,slider_check_chunk_loop
251,images_block
252,star_n_cloud_block
253,response_block
254,debrief_block
255,exp_name_block
256,dot_block
257,bird_block1
258,dot_block
259,bird_block2
260,slider_check_chunk_loop
261,slider_check_chunk_loop
262,slider_check_chunk_loop
263,slider_check_chunk_loop
264,slider_check_chunk_loop
265,slider_check_chunk_loop
266,images_block
267,star_n_cloud_block
268,response_block
269,debrief_block
270,exp_name_block
271,dot_block
272,bird_block
273,slider_check_chunk_loop
274,slider_check_chunk_loop
275,slider_check_chunk_loop
276,slider_check_chunk_loop
277,slider_check_chunk_loop
278,slider_check_chunk_loop
279,images_block
280,star_n_cloud_block
281,response_block
282,debrief_block
283,exp_name_block
284,dot_block
285,bird_block
286,slider_check_chunk_loop
287,slider_check_chunk_loop
288,slider_check_chunk_loop
289,slider_check_chunk_loop
290,slider_check_chunk_loop
291,slider_check_chunk_loop
292,images_block
293,star_n_cloud_block
294,response_block
295,debrief_block
296,exp_name_block
297,dot_block
298,bird_block1
299,dot_block
300,bird_block2
301,slider_check_chunk_loop
302,slider_check_chunk_loop
303,slider_check_chunk_loop
304,slider_check_chunk_loop
305,slider_check_chunk_loop
306,slider_check_chunk_loop
307,images_block
308,star_n_cloud_block
309,response_block
310,debrief_block
311,exp_name_block
312,dot_block
313,bird_block
314,slider_check_chunk_loop
315,slider_check_chunk_loop
316,slider_check_chunk_loop
317,slider_check_chunk_loop
318,slider_check_chunk_loop
319,slider_check_chunk_loop
320,images_block
321,star_n_cloud_block
322,response_block
323,debrief_block
324,exp_name_block
325,dot_block
326,bird_block
327,slider_check_chunk_loop
328,slider_check_chunk_loop
329,slider_check_chunk_loop
330,slider_check_chunk_loop
331,slider_check_chunk_loop
332,slider_check_chunk_loop
333,images_block
334,star_n_cloud_block
335,response_block
336,debrief_block
337,exp_name_block
338,dot_block
339,bird_block
340,slider_check_chunk_loop
341,slider_check_chunk_loop
342,slider_check_chunk_loop
343,slider_check_chunk_loop
344,slider_check_chunk_loop
345,slider_check_chunk_loop
346,images_block
347,star_n_cloud_block
348,response_block
349,debrief_block
350,exp_name_block
351,dot_block
352,bird_block1
353,dot_block
354,bird_block2
355,slider_check_chunk_loop
356,slider_check_chunk_loop
357,slider_check_chunk_loop
358,slider_check_chunk_loop
359,slider_check_chunk_loop
360,slider_check_chunk_loop
361,images_block
362,star_n_cloud_block
363,response_block
364,debrief_block
365,exp_name_block
366,dot_block
367,bird_block
368,slider_check_chunk_loop
369,slider_check_chunk_loop
370,slider_check_chunk_loop
371,slider_check_chunk_loop
372,slider_check_chunk_loop
373,slider_check_chunk_loop
374,images_block
375,star_n_cloud_block
376,response_block
377,debrief_block
378,exp_name_block
379,dot_block
380,bird_block
381,slider_check_chunk_loop
382,slider_check_chunk_loop
383,slider_check_chunk_loop
384,slider_check_chunk_loop
385,slider_check_chunk_loop
386,slider_check_chunk_loop
387,images_block
388,star_n_cloud_block
389,response_block
390,debrief_block
391,exp_name_block
392,dot_block
393,bird_block
394,slider_check_chunk_loop
395,slider_check_chunk_loop
396,slider_check_chunk_loop
397,slider_check_chunk_loop
398,slider_check_chunk_loop
399,slider_check_chunk_loop
400,images_block
401,star_n_cloud_block
402,response_block
403,debrief_block
404,exp_name_block
405,dot_block
406,bird_block
407,slider_check_chunk_loop
408,slider_check_chunk_loop
409,slider_check_chunk_loop
410,slider_check_chunk_loop
411,slider_check_chunk_loop
412,slider_check_chunk_loop
413,images_block
414,star_n_cloud_block
415,response_block
416,debrief_block
417,exp_name_block
418,dot_block
419,bird_block1
420,dot_block
421,bird_block2
422,slider_check_chunk_loop
423,slider_check_chunk_loop
424,slider_check_chunk_loop
425,slider_check_chunk_loop
426,slider_check_chunk_loop
427,slider_check_chunk_loop
428,images_block
429,star_n_cloud_block
430,response_block
431,debrief_block
432,exp_name_block
433,dot_block
434,bird_block1
435,dot_block
436,bird_block2
437,slider_check_chunk_loop
438,slider_check_chunk_loop
439,slider_check_chunk_loop
440,slider_check_chunk_loop
441,slider_check_chunk_loop
442,slider_check_chunk_loop
443,images_block
444,star_n_cloud_block
445,response_block
446,debrief_block
447,exp_name_block
448,dot_block
449,bird_block
450,slider_check_chunk_loop
451,slider_check_chunk_loop
452,slider_check_chunk_loop
453,slider_check_chunk_loop
454,slider_check_chunk_loop
455,slider_check_chunk_loop
456,images_block
457,star_n_cloud_block
458,response_block
459,debrief_block
460,exp_name_block
461,dot_block
462,bird_block1
463,dot_block
464,bird_block2
465,slider_check_chunk_loop
466,slider_check_chunk_loop
467,slider_check_chunk_loop
468,slider_check_chunk_loop
469,slider_check_chunk_loop
470,slider_check_chunk_loop
471,images_block
472,star_n_cloud_block
473,response_block
474,debrief_block
475,exp_name_block
476,dot_block
477,bird_block
478,slider_check_chunk_loop
479,slider_check_chunk_loop
480,slider_check_chunk_loop
481,slider_check_chunk_loop
482,slider_check_chunk_loop
483,slider_check_chunk_loop
484,images_block
485,star_n_cloud_block
486,response_block
487,debrief_block
488,exp_name_block
489,dot_block
490,bird_block1
491,dot_block
492,bird_block2
493,slider_check_chunk_loop
494,slider_check_chunk_loop
495,slider_check_chunk_loop
496,slider_check_chunk_loop
497,slider_check_chunk_loop
498,slider_check_chunk_loop
499,images_block
500,star_n_cloud_block
501,response_block
502,debrief_block
503,exp_name_block
504,dot_block
505,bird_block1
506,dot_block
507,bird_block2
508,slider_check_chunk_loop
509,slider_check_chunk_loop
510,slider_check_chunk_loop
511,slider_check_chunk_loop
512,slider_check_chunk_loop
513,slider_check_chunk_loop
514,images_block
515,star_n_cloud_block
516,response_block
517,debrief_block
518,exp_name_block
519,dot_block
520,bird_block
521,slider_check_chunk_loop
522,slider_check_chunk_loop
523,slider_check_chunk_loop
524,slider_check_chunk_loop
525,slider_check_chunk_loop
526,slider_check_chunk_loop
527,images_block
528,star_n_cloud_block
529,response_block
530,debrief_block
531,exp_name_block
532,dot_block
533,bird_block
534,slider_check_chunk_loop
535,slider_check_chunk_loop
536,slider_check_chunk_loop
537,slider_check_chunk_loop
538,slider_check_chunk_loop
539,slider_check_chunk_loop
540,images_block
541,star_n_cloud_block
542,response_block
543,debrief_block
544,exp_name_block
545,dot_block
546,bird_block1
547,dot_block
548,bird_block2
549,slider_check_chunk_loop
550,slider_check_chunk_loop
551,slider_check_chunk_loop
552,slider_check_chunk_loop
553,slider_check_chunk_loop
554,slider_check_chunk_loop
555,images_block
556,star_n_cloud_block
557,response_block
558,debrief_block
559,exp_name_block
560,dot_block
561,bird_block1
562,dot_block
563,bird_block2
564,slider_check_chunk_loop
565,slider_check_chunk_loop
566,slider_check_chunk_loop
567,slider_check_chunk_loop
568,slider_check_chunk_loop
569,slider_check_chunk_loop
570,images_block
571,star_n_cloud_block
572,response_block
573,debrief_block
574,exp_name_block
575,dot_block
576,bird_block
577,slider_check_chunk_loop
578,slider_check_chunk_loop
579,slider_check_chunk_loop
580,slider_check_chunk_loop
581,slider_check_chunk_loop
582,slider_check_chunk_loop
583,images_block
584,star_n_cloud_block
585,response_block
586,debrief_block
587,exp_name_block
588,dot_block
589,bird_block
590,slider_check_chunk_loop
591,slider_check_chunk_loop
592,slider_check_chunk_loop
593,slider_check_chunk_loop
594,slider_check_chunk_loop
595,slider_check_chunk_loop
596,images_block
597,star_n_cloud_block
598,response_block
599,debrief_block
600,exp_name_block
601,dot_block
602,bird_block
603,slider_check_chunk_loop
604,slider_check_chunk_loop
605,slider_check_chunk_loop
606,slider_check_chunk_loop
607,slider_check_chunk_loop
608,slider_check_chunk_loop
609,images_block
610,star_n_cloud_block
611,response_block
612,debrief_block
613,exp_name_block
614,dot_block
615,bird_block1
616,dot_block
617,bird_block2
618,slider_check_chunk_loop
619,slider_check_chunk_loop
620,slider_check_chunk_loop
621,slider_check_chunk_loop
622,slider_check_chunk_loop
623,slider_check_chunk_loop
624,images_block
625,star_n_cloud_block
626,response_block
627,debrief_block
628,exp_name_block
629,dot_block
630,bird_block
631,slider_check_chunk_loop
632,slider_check_chunk_loop
633,slider_check_chunk_loop
634,slider_check_chunk_loop
635,slider_check_chunk_loop
636,slider_check_chunk_loop
637,images_block
638,star_n_cloud_block
639,response_block
640,debrief_block
641,exp_name_block
642,dot_block
643,bird_block
644,slider_check_chunk_loop
645,slider_check_chunk_loop
646,slider_check_chunk_loop
647,slider_check_chunk_loop
648,slider_check_chunk_loop
649,slider_check_chunk_loop
650,images_block
651,star_n_cloud_block
652,response_block
653,debrief_block
654,exp_name_block
655,dot_block
656,bird_block
657,slider_check_chunk_loop
658,slider_check_chunk_loop
659,slider_check_chunk_loop
660,slider_check_chunk_loop
661,slider_check_chunk_loop
662,slider_check_chunk_loop
663,images_block
664,star_n_cloud_block
665,response_block
666,debrief_block
667,exp_name_block
668,dot_block
669,bird_block
670,slider_check_chunk_loop
671,slider_check_chunk_loop
672,slider_check_chunk_loop
673,slider_check_chunk_loop
674,slider_check_chunk_loop
675,slider_check_chunk_loop
676,images_block
677,star_n_cloud_block
678,response_block
679,debrief_block
680,exp_name_block
681,dot_block
682,bird_block
683,slider_check_chunk_loop
684,slider_check_chunk_loop
685,slider_check_chunk_loop
686,slider_check_chunk_loop
687,slider_check_chunk_loop
688,slider_check_chunk_loop
689,images_block
690,star_n_cloud_block
691,response_block
692,debrief_block
693,exp_name_block
694,dot_block
695,bird_block
696,slider_check_chunk_loop
697,slider_check_chunk_loop
698,slider_check_chunk_loop
699,slider_check_chunk_loop
700,slider_check_chunk_loop
701,slider_check_chunk_loop
702,images_block
703,star_n_cloud_block
704,response_block
705,debrief_block
706,exp_name_block
707,dot_block
708,bird_block
709,slider_check_chunk_loop
710,slider_check_chunk_loop
711,slider_check_chunk_loop
712,slider_check_chunk_loop
713,slider_check_chunk_loop
714,slider_check_chunk_loop
715,images_block
716,star_n_cloud_block
717,response_block
718,debrief_block
719,exp_name_block
720,dot_block
721,bird_block
722,slider_check_chunk_loop
723,slider_check_chunk_loop
724,slider_check_chunk_loop
725,slider_check_chunk_loop
726,slider_check_chunk_loop
727,slider_check_chunk_loop
728,images_block
729,star_n_cloud_block
730,response_block
731,debrief_block
732,exp_name_block
733,dot_block
734,bird_block1
735,dot_block
736,bird_block2
737,slider_check_chunk_loop
738,slider_check_chunk_loop
739,slider_check_chunk_loop
740,slider_check_chunk_loop
741,slider_check_chunk_loop
742,slider_check_chunk_loop
743,images_block
744,star_n_cloud_block
745,response_block
746,debrief_block
747,exp_name_block
748,dot_block
749,bird_block
750,slider_check_chunk_loop
751,slider_check_chunk_loop
752,slider_check_chunk_loop
753,slider_check_chunk_loop
754,slider_check_chunk_loop
755,slider_check_chunk_loop
756,images_block
757,star_n_cloud_block
758,response_block
759,debrief_block
760,exp_name_block
761,dot_block
762,bird_block1
763,dot_block
764,bird_block2
765,slider_check_chunk_loop
766,slider_check_chunk_loop
767,slider_check_chunk_loop
768,slider_check_chunk_loop
769,slider_check_chunk_loop
770,slider_check_chunk_loop
771,images_block
772,star_n_cloud_block
773,response_block
774,debrief_block
775,exp_name_block
776,dot_block
777,bird_block
778,slider_check_chunk_loop
779,slider_check_chunk_loop
780,slider_check_chunk_loop
781,slider_check_chunk_loop
782,slider_check_chunk_loop
783,slider_check_chunk_loop
784,images_block
785,star_n_cloud_block
786,response_block
787,debrief_block
788,exp_name_block
789,dot_block
790,bird_block1
791,dot_block
792,bird_block2
793,slider_check_chunk_loop
794,slider_check_chunk_loop
795,slider_check_chunk_loop
796,slider_check_chunk_loop
797,slider_check_chunk_loop
798,slider_check_chunk_loop
799,images_block
800,star_n_cloud_block
801,response_block
802,debrief_block
803,thanks_task
